Nombre de lignes;temps de recuperation
100;1
1000;8
10000;60
100000;590
200000;1179
500000;2947
1000000;5886
19603272;115663
30,0.000000
30,1.000000
30,0.000000
